No. of Files,Time Taken (sec)
100,4.9432432651519775
200,11.551631212234497
300,17.572730541229248
400,21.84761118888855
500,26.161279916763306